latitude,longitude,farm,date
55.763681,-3.210025,Poultry,27/12/2002
51.85618,-3.00044,poultry,17/09/2003
54.299903,-6.542697,poultry,12/03/2004
54.398543,-6.948984,poultry,09/04/2004
54.355005,-6.896098,poultry,28/04/2004
54.350226,-6.484635,poultry,07/05/2004
54.415299,-6.739043,poultry,10/05/2004
54.564138,-6.846963,poultry,14/05/2004
54.598957,-6.591187,poultry,17/05/2004
57.526688,-3.97126,Poultry,21/05/2004
54.406044,-6.258234,poultry,24/05/2004
54.520979,-6.9288,poultry,24/05/2004
54.199855,-6.231467,poultry,01/06/2004
54.212997,-6.232593,poultry,01/06/2004
54.368863,-6.731897,poultry,02/06/2004
54.726344,-6.753637,poultry,03/06/2004
54.741187,-6.245687,poultry,03/06/2004
54.57322,-6.917234,poultry,08/06/2004
54.617704,-6.629652,poultry,15/06/2004
54.570083,-6.905258,poultry,15/06/2004
54.623086,-6.928956,poultry,16/06/2004
54.523251,-6.668009,poultry,18/06/2004
54.623086,-6.928956,poultry,18/06/2004
54.755595,-6.205553,poultry,22/06/2004
54.536293,-7.022607,poultry,01/07/2004
54.418203,-7.148636,poultry,08/07/2004
54.871195,-6.600828,poultry,08/07/2004
54.564138,-6.846963,poultry,08/07/2004
54.417882,-6.854751,poultry,08/07/2004
54.447052,-6.774402,poultry,20/07/2004
54.55853,-6.815856,poultry,20/08/2004
54.584132,-6.811531,poultry,28/09/2004
54.437085,-6.79864,poultry,01/10/2004
54.22617,-6.266173,poultry,05/10/2004
54.446404,-7.072857,poultry,22/11/2004
52.328014,1.3101371,Poultry,09/12/2004
54.633232,-6.89305,poultry,22/12/2004
53.13136,0.014101032,Poultry,27/01/2005
54.519569,-6.831921,poultry,11/02/2005
54.419484,-7.116233,poultry,22/02/2005
54.52161,-6.908823,poultry,16/06/2005
54.471475,-7.107544,poultry,22/06/2005
54.501059,-6.781628,poultry,07/10/2005
54.180226,-2.5706917,Poultry,31/03/2006
56.162739,-3.177357,Poultry,21/08/2006
54.593736,-7.06931,poultry,22/01/2007
54.762234,-7.518199,poultry,24/01/2007
54.489533,-7.152391,poultry,24/01/2007
54.534633,-6.912976,poultry,08/02/2007
54.590691,-6.888279,poultry,08/02/2007
54.499344,-7.150226,poultry,12/02/2007
54.512371,-6.869286,poultry,14/02/2007
54.423571,-7.086128,poultry,29/03/2007
56.181006,-3.224491,Poultry,09/05/2007
56.115893,-3.517246,Poultry,09/05/2007
56.204606,-2.999029,Poultry,09/05/2007
54.411224,-6.921648,poultry,15/05/2007
56.811814,-2.635125,Poultry,17/05/2007
56.493079,-3.102903,Poultry,17/05/2007
56.674541,-2.95295,Poultry,17/05/2007
56.642786,-2.773617,Poultry,17/05/2007
56.666058,-2.743616,Poultry,29/05/2007
55.66052,-2.636374,Poultry,30/05/2007
55.66052,-2.636374,Poultry,30/05/2007
55.922005,-3.421643,Poultry,31/05/2007
55.86155,-3.570813,Poultry,31/05/2007
56.422492,-3.366026,Poultry,31/05/2007
55.839555,-3.65966,Poultry,31/05/2007
55.040801,-3.192792,Poultry,06/06/2007
54.954837,-4.017638,Poultry,06/06/2007
56.00158,-2.769867,Poultry,27/06/2007
56.558635,-3.38126,Poultry,28/06/2007
56.198868,-3.562622,Poultry,28/06/2007
56.16779,-3.579285,Poultry,28/06/2007
56.1243,-3.421617,Poultry,28/06/2007
53.731716,-2.3379842,Poultry,29/06/2007
54.517963,-6.154951,poultry,02/07/2007
54.778862,-7.482319,poultry,04/07/2007
54.620031,-7.0131,poultry,04/07/2007
52.657949,0.016665016,Poultry,06/07/2007
52.77301,0.77841602,Poultry,06/07/2007
52.730093,-2.4684905,Poultry,06/07/2007
56.114516,-3.741747,Poultry,10/07/2007
57.635776,-3.517513,Poultry,11/07/2007
57.532271,-2.440187,Poultry,12/07/2007
55.019305,-3.005153,Poultry,13/07/2007
55.686664,-4.659001,Poultry,17/07/2007
53.139223,0.001012895,Poultry,19/07/2007
52.282823,-2.6603313,Poultry,20/07/2007
54.533879,-7.21778,poultry,23/07/2007
55.134175,-6.549494,poultry,23/07/2007
55.164121,-6.68192,poultry,23/07/2007
54.232469,-5.890738,poultry,23/07/2007
54.471856,-6.75942,poultry,23/07/2007
55.024274,-6.521485,poultry,24/07/2007
55.15997,-6.646553,poultry,24/07/2007
54.424476,-6.28313,poultry,24/07/2007
57.600102,-3.720869,Poultry,25/07/2007
56.49724,-2.763114,Poultry,26/07/2007
51.255512,-1.602876,Poultry,27/07/2007
52.494258,1.3152512,Poultry,27/07/2007
51.901017,1.0868558,Poultry,27/07/2007
52.275624,0.50119144,Poultry,27/07/2007
57.619662,-2.584157,Poultry,31/07/2007
57.481298,-2.510868,Poultry,31/07/2007
57.528113,-2.028506,Poultry,31/07/2007
57.580349,-2.471436,Poultry,31/07/2007
54.442224,-6.209062,poultry,01/08/2007
54.660509,-7.284942,poultry,01/08/2007
52.224524,1.0067461,Poultry,03/08/2007
51.758966,-2.88616,poultry,03/08/2007
51.856527,-2.828703,poultry,03/08/2007
53.858426,-0.71476662,Poultry,06/08/2007
55.017589,-6.507616,poultry,06/08/2007
54.634173,-6.814839,poultry,06/08/2007
54.387817,-6.070219,poultry,06/08/2007
54.571789,-6.739564,poultry,08/08/2007
54.106041,-1.135992,Poultry,10/08/2007
54.565172,-6.762828,poultry,10/08/2007
54.930529,-6.376252,poultry,10/08/2007
54.433506,-6.783816,poultry,10/08/2007
52.226474,1.2256816,Poultry,13/08/2007
51.769683,-2.873109,poultry,17/08/2007
51.834416,-2.852766,poultry,17/08/2007
51.776212,-2.896745,poultry,17/08/2007
53.334903,-0.31665344,Poultry,21/08/2007
52.620778,0.95626989,Poultry,24/08/2007
51.945139,-0.80391537,Poultry,24/08/2007
51.98271,-1.1679604,Poultry,24/08/2007
51.112132,-1.3041125,Poultry,24/08/2007
51.005674,-1.2762028,Poultry,24/08/2007
51.721452,-2.950847,poultry,24/08/2007
51.746563,-2.962136,poultry,24/08/2007
54.189868,-6.297506,poultry,28/08/2007
54.474593,-6.37338,poultry,28/08/2007
54.754535,-5.977721,poultry,28/08/2007
54.480379,-6.778209,poultry,28/08/2007
52.278311,1.0624391,Poultry,30/08/2007
56.211567,-3.468557,Poultry,30/08/2007
57.536105,-1.939592,Poultry,30/08/2007
56.558595,-3.27328,Poultry,30/08/2007
52.266525,-1.8027219,Poultry,31/08/2007
52.357899,-1.8237537,Poultry,31/08/2007
54.510304,-3.5962431,Poultry,31/08/2007
54.832584,-2.8868594,Poultry,31/08/2007
55.152444,-6.463624,poultry,04/09/2007
54.623086,-6.928956,poultry,04/09/2007
54.439694,-5.861123,poultry,04/09/2007
54.572168,-6.766822,poultry,04/09/2007
54.54676,-6.918997,poultry,04/09/2007
54.133794,-2.5027131,Poultry,07/09/2007
51.734915,-2.920038,poultry,07/09/2007
54.636031,-7.296277,poultry,10/09/2007
54.443569,-7.027238,poultry,10/09/2007
54.463073,-6.73993,poultry,11/09/2007
54.485976,-6.240873,poultry,11/09/2007
54.394637,-6.18011,poultry,12/09/2007
53.877706,-0.39046158,Poultry,13/09/2007
50.945968,-3.3583488,Poultry,13/09/2007
53.711448,-2.7596205,Poultry,14/09/2007
51.902985,-2.395734,Poultry,14/09/2007
53.309209,-2.1387829,Poultry,14/09/2007
54.449351,-6.753193,poultry,14/09/2007
53.249909,0.1942983,Poultry,18/09/2007
53.169796,-0.16692879,Poultry,19/09/2007
52.246999,1.0491453,Poultry,19/09/2007
52.22835,1.0538713,Poultry,20/09/2007
52.258049,1.0773099,Poultry,21/09/2007
54.673698,-2.6937403,Poultry,21/09/2007
52.320544,1.5426617,Poultry,21/09/2007
51.817346,-2.960684,poultry,21/09/2007
52.697574,-2.35879,Poultry,24/09/2007
52.987534,-0.33614971,Poultry,25/09/2007
55.915677,-3.46706,Poultry,25/09/2007
55.92815,-3.32425,Poultry,27/09/2007
55.674418,-2.35383,Poultry,27/09/2007
57.568067,-2.493343,Poultry,27/09/2007
55.877573,-3.386802,Poultry,27/09/2007
56.523893,-2.961006,Poultry,27/09/2007
56.186405,-3.562163,Poultry,27/09/2007
55.951862,-3.475685,Poultry,27/09/2007
52.309668,1.0041527,Poultry,28/09/2007
51.606239,-2.708703,poultry,28/09/2007
54.43586,-3.4926637,Poultry,01/10/2007
54.42886,-6.854371,poultry,01/10/2007
56.105766,-3.573811,Poultry,02/10/2007
54.480379,-6.778209,poultry,03/10/2007
50.981928,-2.6637801,Poultry,04/10/2007
52.696877,-2.2441074,Poultry,04/10/2007
53.285119,-0.43696948,Poultry,05/10/2007
51.791561,-2.860642,poultry,05/10/2007
51.749442,-2.968557,poultry,05/10/2007
54.314583,-6.581991,poultry,12/10/2007
54.585071,-7.299966,poultry,12/10/2007
52.916874,-2.6455487,Poultry,15/10/2007
52.176623,-0.82711213,Poultry,16/10/2007
54.413621,-6.634811,poultry,16/10/2007
54.332055,-6.502039,poultry,16/10/2007
54.736584,-6.161018,poultry,17/10/2007
52.791514,-2.980171,Poultry,18/10/2007
53.052006,-0.34993013,Poultry,19/10/2007
54.27125,-6.251375,poultry,23/10/2007
54.861017,-2.790738,Poultry,24/10/2007
55.734373,-3.354375,Poultry,25/10/2007
57.591108,-2.021765,Poultry,25/10/2007
55.764224,-3.251288,Poultry,25/10/2007
51.672935,-2.3577167,Poultry,26/10/2007
52.337592,1.2108631,Poultry,26/10/2007
55.093362,-6.455164,poultry,26/10/2007
54.633258,-6.181048,poultry,26/10/2007
52.765183,1.5410202,Poultry,30/10/2007
53.686334,-2.6757362,Poultry,30/10/2007
52.324387,-2.671221,Poultry,30/10/2007
54.633258,-6.181048,poultry,31/10/2007
54.633258,-6.181048,poultry,31/10/2007
54.658597,-6.912477,poultry,02/11/2007
54.225014,-7.421753,poultry,07/11/2007
54.501724,-6.421245,poultry,07/11/2007
54.846219,-6.696741,poultry,09/11/2007
54.480379,-6.778209,poultry,10/11/2007
53.591095,-2.8271071,Poultry,19/11/2007
52.810519,-3.0696155,Poultry,06/12/2007
53.509321,-0.72504999,Poultry,07/12/2007
53.541419,-0.69239483,Poultry,14/12/2007
52.447034,0.20199885,Poultry,14/12/2007
53.380124,-0.48460913,Poultry,14/12/2007
53.568392,-0.85057072,Poultry,14/12/2007
57.591205,-2.022857,Poultry,14/12/2007
53.597728,-0.81698421,Poultry,21/12/2007
53.572492,-0.89455665,Poultry,21/12/2007
52.050441,-3.18034,poultry,07/01/2008
54.86592,-2.7830435,Poultry,22/01/2008
53.040084,-2.8509721,Poultry,22/01/2008
54.633258,-6.181048,poultry,22/01/2008
51.911977,-2.89702,poultry,25/01/2008
52.750103,-2.7544908,Poultry,29/01/2008
50.735235,-2.2201541,Poultry,29/01/2008
52.862723,-2.6838093,Poultry,27/02/2008
54.708214,-2.6265065,Poultry,31/03/2008
51.745181,-5.094681,poultry,31/03/2008
51.587287,-4.100068,poultry,30/04/2008
54.916294,-6.423577,poultry,12/05/2008
51.681049,0.68716525,Poultry,14/05/2008
54.5686,-6.745907,poultry,13/06/2008
54.452569,-6.767361,poultry,16/06/2008
54.574255,-6.933351,poultry,18/06/2008
54.388948,-6.781687,poultry,08/07/2008
54.368793,-6.831298,poultry,08/07/2008
54.474535,-5.934897,poultry,22/07/2008
54.233257,-6.802095,poultry,22/07/2008
54.402366,-7.117246,poultry,22/07/2008
54.315669,-6.619417,poultry,22/07/2008
54.315669,-6.619417,poultry,22/07/2008
54.407124,-6.605943,poultry,22/07/2008
54.459803,-6.208787,poultry,22/07/2008
54.314583,-6.581991,poultry,06/08/2008
54.424343,-6.787358,poultry,03/09/2008
54.520979,-6.9288,poultry,19/09/2008
52.731299,0.82731219,Poultry,30/09/2008
54.502157,-6.642831,poultry,07/10/2008
54.437563,-6.823674,poultry,13/10/2008
54.72691,-6.382506,poultry,19/11/2008
54.275609,-6.513731,poultry,18/12/2008
54.121809,-6.481832,poultry,08/01/2009
52.80331,0.72826792,Poultry,13/02/2009
52.820607,0.82672615,Poultry,23/02/2009
54.992438,-6.70245,poultry,04/03/2009
52.7878,0.87102431,Poultry,09/03/2009
52.648392,1.6374514,Poultry,11/03/2009
54.460706,-1.7374156,Poultry,13/03/2009
52.509609,1.0939813,Poultry,20/03/2009
52.536118,0.55225202,Poultry,16/04/2009
51.065288,-2.6474188,Poultry,17/04/2009
50.734811,-2.2518933,Poultry,23/04/2009
53.022622,-0.43752844,Poultry,30/06/2009
54.382961,-6.720715,poultry,07/08/2009
55.830787,-3.608209,Poultry,24/09/2009
54.686424,-6.700453,poultry,01/10/2009
54.898517,-7.412158,poultry,01/10/2009
56.083806,-3.330197,Poultry,08/10/2009
56.084968,-3.710779,Poultry,08/10/2009
55.701505,-3.363579,Poultry,08/10/2009
51.829072,0.78407528,Poultry,16/11/2009
50.810361,-2.1995018,Poultry,01/12/2009
56.252115,-3.386291,Poultry,02/12/2009
56.099154,-3.445576,Poultry,02/12/2009
51.54317,-2.0792605,Poultry,10/12/2009
54.058946,-1.3340452,Poultry,10/12/2009
51.040736,-1.9950998,Poultry,11/12/2009
52.920111,-0.12513236,Poultry,18/12/2009
51.110747,-3.0396095,Poultry,18/12/2009
52.275271,0.94156757,Poultry,11/01/2010
55.753098,-3.702227,Poultry,14/01/2010
53.709384,-0.84627733,Poultry,15/01/2010
52.857182,-2.5175322,Poultry,27/01/2010
52.384968,-2.9144245,Poultry,28/01/2010
52.713206,-2.877754,Poultry,29/01/2010
52.51359,0.63643342,Poultry,08/02/2010
50.772289,-1.583154,Poultry,18/02/2010
55.777623,-3.644684,Poultry,23/02/2010
52.039349,-2.1890422,Poultry,25/02/2010
54.869864,-3.3556309,Poultry,09/03/2010
54.882491,-3.2244919,Poultry,12/03/2010
56.414471,-2.995208,Poultry,15/03/2010
53.204807,-0.72063007,Poultry,16/03/2010
53.650506,-0.55602918,Poultry,16/03/2010
53.573293,-0.48360097,Poultry,16/03/2010
52.919843,-1.3065813,Poultry,17/03/2010
54.828247,-3.1180841,Poultry,18/03/2010
52.036619,-2.8615215,Poultry,18/03/2010
54.629558,-1.4827595,Poultry,19/03/2010
53.034947,-1.612235,Poultry,19/03/2010
53.557112,-0.44160608,Poultry,22/03/2010
54.660761,-1.4270215,Poultry,23/03/2010
54.666376,-1.2830638,Poultry,23/03/2010
54.69258,-1.3736704,Poultry,23/03/2010
54.806394,-1.5953195,Poultry,24/03/2010
54.668746,-1.3042641,Poultry,24/03/2010
53.242998,-0.75320923,Poultry,24/03/2010
53.578448,-0.5663401,Poultry,25/03/2010
53.685004,-0.5693861,Poultry,26/03/2010
53.101909,-0.84691121,Poultry,26/03/2010
55.52307,-4.04774,Poultry,26/03/2010
53.636669,-0.55650176,Poultry,29/03/2010
53.225679,-0.29157858,Poultry,29/03/2010
54.367035,-1.3173751,Poultry,29/03/2010
54.662911,-1.4068376,Poultry,29/03/2010
53.639847,-0.63595746,Poultry,31/03/2010
53.686474,-0.34824454,Poultry,31/03/2010
53.455374,-0.66627391,Poultry,31/03/2010
53.565186,-0.51091961,Poultry,31/03/2010
54.696212,-1.2830035,Poultry,31/03/2010
54.699227,-1.2913294,Poultry,31/03/2010
53.500529,-0.62128604,Poultry,31/03/2010
53.628541,-0.65356134,Poultry,01/04/2010
54.68387,-1.3247902,Poultry,09/04/2010
53.680859,-0.56104759,Poultry,09/04/2010
52.807282,-0.97043443,Poultry,13/04/2010
54.400924,-1.4412759,Poultry,15/04/2010
53.546874,-0.43549203,Poultry,16/04/2010
53.152164,-1.0399638,Poultry,16/04/2010
53.452777,-0.61967046,Poultry,19/04/2010
53.615194,-0.68195309,Poultry,19/04/2010
53.596653,-0.54789295,Poultry,19/04/2010
53.63973,-0.29697629,Poultry,19/04/2010
51.171786,0.60121638,Poultry,27/04/2010
52.173371,0.94902521,Poultry,29/04/2010
51.87245,-2.7126922,Poultry,05/05/2010
54.993525,-6.94331,poultry,07/05/2010
52.209633,-2.8192042,Poultry,17/05/2010
51.972202,-1.3089249,Poultry,17/05/2010
52.805792,1.4106026,Poultry,18/05/2010
53.787227,-0.78282032,Poultry,18/05/2010
52.129181,-3.0139215,Poultry,24/05/2010
52.888048,1.3709676,Poultry,27/05/2010
53.706349,-2.7837673,Poultry,01/06/2010
53.134843,-0.02744523,Poultry,02/06/2010
51.640775,-2.5577518,Poultry,04/06/2010
52.346475,-2.818209,Poultry,04/06/2010
52.44696,1.2859366,Poultry,04/06/2010
54.817499,-6.159167,poultry,04/06/2010
51.757264,0.60952273,Poultry,10/06/2010
52.472548,0.83616574,Poultry,14/06/2010
55.758243,-3.664458,Poultry,16/06/2010
52.01831,-2.2797374,Poultry,22/06/2010
54.185976,-7.33286,poultry,23/06/2010
52.014595,-2.7421974,Poultry,25/06/2010
51.721452,-2.950847,poultry,25/06/2010
52.267624,-2.7653206,Poultry,30/06/2010
51.801096,-2.73825,poultry,02/07/2010
53.383549,-0.21234035,Poultry,05/07/2010
52.381046,0.22060749,Poultry,07/07/2010
52.218408,-2.8370775,Poultry,09/07/2010
52.532052,-2.7184622,Poultry,09/07/2010
52.853414,-2.5360503,Poultry,16/07/2010
52.469395,1.0530178,Poultry,23/07/2010
52.129433,-2.7379691,Poultry,27/07/2010
52.043714,-2.6530093,Poultry,30/07/2010
52.3355,-2.113108,Poultry,04/08/2010
52.189153,-2.9816404,Poultry,06/08/2010
52.661151,0.64057598,Poultry,10/08/2010
51.21251,-2.6909998,Poultry,10/08/2010
52.799202,1.4020735,Poultry,10/08/2010
52.838711,0.95472322,Poultry,11/08/2010
52.801496,1.3531344,Poultry,11/08/2010
52.828759,1.4031966,Poultry,13/08/2010
51.173474,-3.093232,Poultry,17/08/2010
52.514054,1.1436765,Poultry,17/08/2010
51.178435,-2.7487153,Poultry,18/08/2010
52.238035,-2.870543,Poultry,19/08/2010
52.30795,1.3739348,Poultry,23/08/2010
52.661201,0.6423537,Poultry,24/08/2010
52.768681,-2.6372768,Poultry,25/08/2010
53.013886,-1.5781416,Poultry,27/08/2010
52.65481,0.6345747,Poultry,27/08/2010
52.49412,1.5611792,Poultry,01/09/2010
53.500947,-0.58780207,Poultry,06/09/2010
52.666745,1.6722653,Poultry,07/09/2010
51.791985,0.7318995,Poultry,08/09/2010
51.795485,0.75531756,Poultry,08/09/2010
51.68513,0.702078,Poultry,08/09/2010
52.13179,-0.19566521,Poultry,08/09/2010
52.490843,-2.5769908,Poultry,09/09/2010
52.651266,1.6696356,Poultry,09/09/2010
52.385724,-2.784259,Poultry,09/09/2010
52.701282,1.6168297,Poultry,09/09/2010
52.434301,1.0884056,Poultry,10/09/2010
57.512412,-2.551712,Poultry,20/09/2010
52.249475,1.1365006,Poultry,22/09/2010
51.101792,-1.9930942,Poultry,27/09/2010
52.698455,1.6356947,Poultry,29/09/2010
53.94686,-0.85573299,Poultry,29/09/2010
53.961175,-0.75855421,Poultry,29/09/2010
55.454586,-4.2307,Poultry,29/09/2010
52.604462,-2.9204672,Poultry,05/10/2010
52.803699,-3.0977809,Poultry,06/10/2010
52.257642,0.93805538,Poultry,11/10/2010
52.78353,-0.3741913,Poultry,19/10/2010
54.158537,-0.35232214,Poultry,19/10/2010
51.651676,-2.2302075,Poultry,21/10/2010
52.186869,0.97376885,Poultry,01/11/2010
51.782194,0.72362291,Poultry,08/11/2010
54.778288,-7.494861,poultry,08/11/2010
52.496757,1.0625764,Poultry,10/11/2010
52.427918,1.4088453,Poultry,10/11/2010
52.323611,-0.40416253,Poultry,17/11/2010
52.657203,-0.35389547,Poultry,22/11/2010
53.730689,-2.6002038,Poultry,23/11/2010
56.926752,-2.243965,Poultry,26/11/2010
51.154056,-1.5953109,Poultry,08/12/2010
54.926289,-6.188032,poultry,09/12/2010
54.131101,-2.5019154,Poultry,13/12/2010
54.866703,-2.7587522,Poultry,13/12/2010
52.398301,0.004804176,Poultry,13/12/2010
53.267099,-0.70347754,Poultry,16/12/2010
53.097579,-1.5310279,Poultry,16/12/2010
52.642022,1.5239568,Poultry,20/12/2010
50.798392,-3.2287661,Poultry,20/12/2010
52.322469,-0.56017816,Poultry,11/01/2011
56.506627,-3.091195,Poultry,14/01/2011
50.882178,-2.4860958,Poultry,20/01/2011
53.221654,-0.11408449,Poultry,26/01/2011
53.132057,-0.35284384,Poultry,26/01/2011
53.073137,-0.4097271,Poultry,27/01/2011
53.091105,-0.35590151,Poultry,27/01/2011
53.040745,-0.42792365,Poultry,27/01/2011
53.06463,-0.37884869,Poultry,27/01/2011
53.043059,-0.22795187,Poultry,27/01/2011
53.04802,0.013942613,Poultry,04/02/2011
51.188627,-1.4705204,Poultry,18/02/2011
54.497426,-1.7634283,Poultry,02/03/2011
52.353225,-1.9015866,Poultry,02/03/2011
52.775475,-2.4248032,Poultry,08/03/2011
51.71513,0.87711502,Poultry,09/03/2011
53.118956,0.035040597,Poultry,14/03/2011
52.641582,-0.38167697,Poultry,28/03/2011
54.447121,-6.226901,poultry,31/03/2011
51.96642,-2.597011,Poultry,08/04/2011
52.511138,-2.460116,Poultry,13/04/2011
54.714643,-1.3480287,Poultry,26/04/2011
51.00921,0.037833237,Poultry,28/04/2011
51.180541,-3.1067047,Poultry,28/04/2011
52.389724,-0.3798828,Poultry,16/05/2011
52.670128,0.99643718,Poultry,17/05/2011
53.015173,-2.3867604,Poultry,18/05/2011
52.894548,-2.7287551,Poultry,18/05/2011
52.517083,0.98158402,Poultry,08/06/2011
54.381275,-6.653296,poultry,27/06/2011
57.011,-3.368557,Poultry,27/06/2011
54.786991,-3.0891091,Poultry,28/06/2011
54.448862,-7.1817,poultry,14/07/2011
52.613877,0.61512663,Poultry,18/07/2011
50.76255,-3.2587375,Poultry,19/07/2011
54.459674,-6.687063,poultry,27/07/2011
54.443448,-7.16877,poultry,28/07/2011
53.003123,-1.6113279,Poultry,15/08/2011
57.542335,-2.312165,Poultry,24/08/2011
54.436858,-1.4380121,Poultry,31/08/2011
54.742552,-6.594359,poultry,14/09/2011
57.58788,-2.427481,Poultry,14/09/2011
52.464203,1.0935918,Poultry,16/09/2011
54.50236,-6.822361,poultry,20/09/2011
54.849619,-6.163489,poultry,20/09/2011
53.852418,-1.2035507,Poultry,26/09/2011
55.058866,-6.098079,poultry,26/09/2011
51.978735,-2.7400029,Poultry,28/09/2011
52.535928,0.0538295,Poultry,26/10/2011
54.433562,-1.5778803,Poultry,27/10/2011
52.119549,1.1080789,Poultry,01/11/2011
55.072245,-1.9570607,Poultry,04/11/2011
54.865882,-1.6525276,Poultry,28/11/2011
51.321556,-1.675636,Poultry,14/12/2011
52.103153,-2.9092317,Poultry,16/12/2011
52.313276,1.1317676,Poultry,20/12/2011
51.375494,-2.0499482,Poultry,17/01/2012
51.063118,-0.98390439,Poultry,23/01/2012
51.066607,-1.0347778,Poultry,24/01/2012
56.106462,-3.200769,Poultry,24/01/2012
53.272256,-0.7148684,Poultry,08/02/2012
56.322308,-3.605962,Poultry,14/02/2012
52.463919,1.2841082,Poultry,15/02/2012
52.290298,-0.031749072,Poultry,16/02/2012
53.012603,-0.60036681,Poultry,22/02/2012
53.540762,-0.68170063,Poultry,22/02/2012
53.530619,-0.71611254,Poultry,22/02/2012
52.463921,1.3033981,Poultry,23/02/2012
54.431977,-1.3600765,Poultry,05/03/2012
52.325319,-0.012878585,Poultry,06/03/2012
54.040246,-0.37212347,Poultry,07/03/2012
53.744693,-2.9156414,Poultry,19/03/2012
52.345045,1.3851317,Poultry,20/03/2012
53.823967,-2.9041528,Poultry,20/03/2012
53.111399,-0.36722936,Poultry,26/03/2012
52.554111,-2.581508,Poultry,26/03/2012
54.300338,-1.4984174,Poultry,26/03/2012
53.259255,-0.05395895,Poultry,30/03/2012
52.368845,0.24291172,Poultry,02/04/2012
54.648192,-6.254014,poultry,17/04/2012
51.955513,-1.7857528,Poultry,08/05/2012
51.059102,-0.9770003,Poultry,09/05/2012
52.181209,0.53041248,Poultry,09/05/2012
52.698025,-2.6531162,Poultry,17/05/2012
53.560348,-1.7976677,Poultry,18/05/2012
52.104617,1.2054815,Poultry,21/05/2012
54.294438,-6.585846,poultry,08/06/2012
54.20382,-6.67178,poultry,08/06/2012
52.744098,-1.0933948,Poultry,12/06/2012
53.795249,-0.22296601,Poultry,15/06/2012
54.379428,-6.712163,poultry,25/06/2012
54.428699,-7.134848,poultry,25/06/2012
52.44514,-2.7989971,Poultry,27/06/2012
51.651822,-2.5604893,Poultry,02/07/2012
52.388369,0.88838089,Poultry,02/07/2012
54.3295,-1.6072397,Poultry,10/07/2012
51.991931,-1.9543701,Poultry,10/07/2012
52.958056,-1.6602604,Poultry,13/07/2012
53.380244,-0.45889615,Poultry,18/07/2012
51.510893,-2.2623503,Poultry,18/07/2012
54.174852,-1.3956091,Poultry,23/07/2012
51.202352,0.55698342,Poultry,25/07/2012
54.18129,-1.3892332,Poultry,30/07/2012
54.188791,-1.3456,Poultry,30/07/2012
52.122016,1.1640655,Poultry,30/07/2012
53.040179,-0.37245732,Poultry,31/07/2012
53.916147,-2.9093409,Poultry,02/08/2012
52.370583,0.73647791,Poultry,07/08/2012
53.262561,-0.74994173,Poultry,17/08/2012
56.050833,-2.762365,Poultry,23/08/2012
54.545696,-6.838851,poultry,29/08/2012
50.901413,-3.6979454,Poultry,31/08/2012
53.263351,-0.69774368,Poultry,04/09/2012
53.257696,-0.73194466,Poultry,07/09/2012
53.629476,-0.8371163,Poultry,10/09/2012
51.234811,0.53672077,Poultry,11/09/2012
53.276358,-0.72014443,Poultry,13/09/2012
53.513376,-0.013978066,Poultry,14/09/2012
53.232667,-0.77118817,Poultry,26/09/2012
53.141032,-0.70862201,Poultry,11/10/2012
54.66108,-7.475886,poultry,22/10/2012
54.471121,-6.803329,poultry,22/10/2012
53.738689,-2.7864916,Poultry,24/10/2012
50.932223,-3.7431846,Poultry,25/10/2012
53.260621,0.23712979,Poultry,29/10/2012
53.614694,-0.81469599,Poultry,31/10/2012
52.541478,0.55389039,Poultry,06/11/2012
54.531459,-1.8618201,Poultry,09/11/2012
50.79439,-3.3546584,Poultry,13/11/2012
51.697298,-2.5830439,Poultry,13/11/2012
54.598369,-6.145114,poultry,13/11/2012
52.281824,0.9779267,Poultry,15/11/2012
53.157427,-0.87129757,Poultry,22/11/2012
51.210481,-2.4415884,Poultry,23/11/2012
53.925671,-0.84885028,Poultry,29/11/2012
52.830373,-2.4072311,Poultry,29/11/2012
52.068521,-0.89851485,Poultry,03/12/2012
52.486005,1.2627721,Poultry,18/12/2012
52.457814,1.1851584,Poultry,11/01/2013
52.997362,-2.7328696,Poultry,14/01/2013
55.055049,-6.653869,poultry,22/01/2013
54.232838,-1.3990581,Poultry,24/01/2013
53.521216,-0.50989769,Poultry,28/01/2013
54.996868,-6.316062,poultry,30/01/2013
52.469634,-2.984485,Poultry,31/01/2013
53.41419,0.009084233,Poultry,01/02/2013
54.89786,-1.758283,Poultry,06/02/2013
51.088777,0.77307197,Poultry,06/02/2013
52.247572,-2.9400123,Poultry,08/02/2013
56.829718,-2.331492,Poultry,11/02/2013
54.640023,-1.2074506,Poultry,14/02/2013
52.558446,1.3354396,Poultry,15/02/2013
50.911858,-2.8092905,Poultry,15/02/2013
52.796292,-1.0429222,Poultry,26/02/2013
51.07334,-2.9980907,Poultry,28/02/2013
53.209176,-0.68426304,Poultry,05/03/2013
52.281757,-0.43439959,Poultry,11/03/2013
50.151181,-5.3259521,Poultry,12/03/2013
50.167476,-5.3003329,Poultry,12/03/2013
51.177917,-2.6389816,Poultry,25/03/2013
51.139894,0.55881963,Poultry,25/03/2013
54.972342,-6.986825,poultry,09/04/2013
53.929214,-0.5909,Poultry,16/04/2013
53.864767,-0.4663884,Poultry,16/04/2013
52.741695,-0.87569706,Poultry,22/04/2013
50.912838,-3.1250926,Poultry,29/04/2013
54.217602,-1.3551129,Poultry,30/04/2013
52.654133,-1.3107912,Poultry,01/05/2013
52.639794,-1.2585546,Poultry,01/05/2013
52.122066,-1.6859281,Poultry,01/05/2013
52.800845,-1.0962202,Poultry,01/05/2013
54.798416,-6.251036,poultry,01/05/2013
52.49295,0.90333643,Poultry,08/05/2013
52.69028,-2.9252305,Poultry,16/05/2013
56.579786,-3.20785,Poultry,17/05/2013
52.353297,-0.71525699,Poultry,20/05/2013
54.433506,-6.783816,poultry,21/05/2013
52.762997,-2.8915002,Poultry,22/05/2013
50.913388,-3.2224042,Poultry,03/06/2013
50.855368,-4.3149069,Poultry,05/06/2013
53.77651,-1.6130244,Poultry,11/06/2013
52.46431,0.83843337,Poultry,27/06/2013
52.78333,-1.1222333,Poultry,05/07/2013
51.384844,-2.4842201,Poultry,16/07/2013
50.956533,-3.622638,Poultry,31/07/2013
51.288427,-2.8260758,Poultry,01/08/2013
52.549625,0.97493919,Poultry,15/08/2013
52.957816,-2.4636552,Poultry,16/08/2013
52.510873,0.97821546,Poultry,20/08/2013
52.199665,1.515319,Poultry,29/08/2013
54.396053,-6.259738,poultry,03/09/2013
50.8497,-4.3509969,Poultry,06/09/2013
54.51409,-6.239707,poultry,10/09/2013
54.878914,-6.197729,poultry,10/09/2013
54.386551,-6.495676,poultry,11/09/2013
53.741823,-0.020355844,Poultry,12/09/2013
51.18987,-2.5887778,Poultry,13/09/2013
52.138161,-2.8441926,Poultry,19/09/2013
51.007152,-3.0598118,Poultry,27/09/2013
50.916634,-3.4923586,Poultry,30/09/2013
54.6229,-7.20354,poultry,09/10/2013
54.897674,-6.228707,poultry,10/10/2013
54.767864,-6.107085,poultry,11/10/2013
55.052406,-6.301455,poultry,11/10/2013
52.573017,0.95659677,Poultry,17/10/2013
52.014697,-2.7544388,Poultry,17/10/2013
53.406905,-2.4148255,Poultry,17/10/2013
52.239728,-3.0391396,Poultry,28/10/2013
52.497399,1.2310496,Poultry,04/11/2013
54.283119,-6.517057,poultry,05/11/2013
51.892122,-2.6034365,Poultry,06/11/2013
51.079584,0.54877889,Poultry,07/11/2013
52.163303,-2.5442352,Poultry,07/11/2013
52.706902,-2.6408163,Poultry,13/11/2013
53.813727,-1.0053211,Poultry,13/11/2013
53.239646,-1.5414642,Poultry,20/11/2013
57.563261,-2.07393,Poultry,21/11/2013
52.209274,-2.9509115,Poultry,25/11/2013
52.889014,-2.6274481,Poultry,25/11/2013
50.846285,-3.2409617,Poultry,27/11/2013
52.237627,-2.2632501,Poultry,28/11/2013
52.723115,-0.36118749,Poultry,10/12/2013
53.813709,-2.7775681,Poultry,12/12/2013
51.732076,-2.6215738,Poultry,13/12/2013
54.049951,-0.82739442,Poultry,16/12/2013
52.471672,0.81637665,Poultry,17/12/2013
53.893661,-0.46243925,Poultry,17/12/2013
54.618246,-2.6782396,Poultry,27/12/2013
50.977034,-4.0153813,Poultry,07/01/2014
50.8497,-4.3509969,Poultry,08/01/2014
53.462646,0.019807922,Poultry,10/01/2014
53.939659,-0.51772645,Poultry,15/01/2014
54.694897,-1.4054405,Poultry,17/01/2014
52.495558,0.89967743,Poultry,17/01/2014
52.05195,0.020036698,Poultry,20/01/2014
50.940617,-2.824592,Poultry,22/01/2014
53.497277,-0.52943092,Poultry,23/01/2014
51.743403,-2.5687193,Poultry,28/01/2014
53.368932,0.17530856,Poultry,29/01/2014
53.198726,-0.70688879,Poultry,03/02/2014
51.959161,-2.691364,Poultry,03/02/2014
53.120544,-0.53096315,Poultry,04/02/2014
52.544662,0.92150047,Poultry,07/02/2014
51.975555,-2.7866832,Poultry,11/02/2014
53.64415,-0.29800851,Poultry,20/02/2014
54.177671,-1.4023092,Poultry,20/02/2014
54.01471,-1.4363888,Poultry,24/02/2014
55.617033,-3.426684,Poultry,25/02/2014
51.733332,-1.7776811,Poultry,27/02/2014
52.346401,-0.058621581,Poultry,27/02/2014
54.807262,-3.1422429,Poultry,04/03/2014
53.259003,0.20331011,Poultry,04/03/2014
50.857916,-4.3315165,Poultry,10/03/2014
52.889952,-2.7157473,Poultry,18/03/2014
52.906552,-0.12051323,Poultry,18/03/2014
53.163161,0.15920216,Poultry,18/03/2014
51.678228,0.71202499,Poultry,19/03/2014
54.143301,-1.1059777,Poultry,21/03/2014
52.303441,-0.092916719,Poultry,24/03/2014
53.203321,-0.18990428,Poultry,24/03/2014
51.022962,-2.4262585,Poultry,24/03/2014
53.533307,-2.8388045,Poultry,26/03/2014
52.792092,-0.98117395,Poultry,26/03/2014
53.278167,-0.10619753,Poultry,31/03/2014
53.900355,-0.42414201,Poultry,01/04/2014
54.085883,-1.2677271,Poultry,03/04/2014
53.197231,-0.75214234,Poultry,04/04/2014
52.150403,-2.6421466,Poultry,04/04/2014
53.802635,-0.2545435,Poultry,07/04/2014
52.766274,-2.5807748,Poultry,08/04/2014
53.423873,-2.6590753,Poultry,10/04/2014
53.787098,-0.87070932,Poultry,10/04/2014
52.317336,0.94611888,Poultry,10/04/2014
52.701706,-2.9007577,Poultry,11/04/2014
54.464484,-6.127846,poultry,18/04/2014
53.835142,-2.7851072,Poultry,22/04/2014
53.279557,-0.8121392,Poultry,23/04/2014
57.633857,-2.579746,Poultry,28/04/2014
57.613514,-2.521459,Poultry,28/04/2014
51.881988,-1.7111378,Poultry,01/05/2014
52.647866,-1.3309915,Poultry,02/05/2014
53.435023,-0.43373229,Poultry,02/05/2014
51.01033,-3.1962999,Poultry,06/05/2014
52.481722,1.293979,Poultry,06/05/2014
54.849619,-6.163489,poultry,06/05/2014
54.344324,-6.137183,poultry,06/05/2014
53.992706,-0.43377552,Poultry,08/05/2014
53.903879,-2.8413424,Poultry,09/05/2014
53.849729,-2.8344793,Poultry,12/05/2014
53.27846,-0.79237229,Poultry,14/05/2014
50.960116,-3.3402502,Poultry,15/05/2014
51.952578,-2.7097425,Poultry,15/05/2014
54.850839,-3.3691669,Poultry,15/05/2014
52.500139,-2.5880135,Poultry,19/05/2014
50.852913,-2.968374,Poultry,29/05/2014
53.079547,-2.5824462,Poultry,02/06/2014
54.228256,-2.8144866,Poultry,03/06/2014
52.271298,-2.6792116,Poultry,09/06/2014
50.969401,-3.1886965,Poultry,09/06/2014
54.404096,-1.4669591,Poultry,11/06/2014
53.089494,-0.3305768,Poultry,12/06/2014
53.049621,-0.39910524,Poultry,12/06/2014
50.98013,-2.3230188,Poultry,16/06/2014
53.016661,-1.6586081,Poultry,17/06/2014
51.018051,-3.058336,Poultry,20/06/2014
50.773359,-1.5805918,Poultry,23/06/2014
50.985908,-1.6239846,Poultry,23/06/2014
50.983517,-0.44327946,Poultry,23/06/2014
51.496689,-2.0718329,Poultry,23/06/2014
51.983661,-0.90991666,Poultry,23/06/2014
51.523502,-2.0293552,Poultry,23/06/2014
51.458419,-0.80343677,Poultry,23/06/2014
51.874475,-1.1330632,Poultry,23/06/2014
51.498768,-2.0515241,Poultry,23/06/2014
51.634172,0.86663867,Poultry,23/06/2014
52.276704,-2.6770958,Poultry,23/06/2014
51.495539,-1.9725824,Poultry,23/06/2014
51.581734,0.73500044,Poultry,23/06/2014
53.952582,-0.48724641,Poultry,23/06/2014
51.401026,-1.7860503,Poultry,23/06/2014
54.179278,-1.3650551,Poultry,23/06/2014
50.912145,-3.3745756,Poultry,25/06/2014
53.60175,-2.5915733,Poultry,30/06/2014
51.984053,-2.4763885,Poultry,01/07/2014
51.893772,-2.5608801,Poultry,01/07/2014
52.020988,-2.8220189,Poultry,02/07/2014
52.340789,1.3704158,Poultry,03/07/2014
50.869077,-3.2624579,Poultry,04/07/2014
52.80579,-2.6063711,Poultry,07/07/2014
52.631214,-1.9299244,Poultry,08/07/2014
52.793918,1.5123457,Poultry,14/07/2014
53.827549,-1.0247448,Poultry,15/07/2014
52.517396,0.095413606,Poultry,15/07/2014
52.810882,-2.4524463,Poultry,16/07/2014
52.411732,1.2752262,Poultry,18/07/2014
53.306194,-3.0501508,Poultry,21/07/2014
52.69787,-2.8848451,Poultry,21/07/2014
53.263608,-2.7912375,Poultry,21/07/2014
54.226196,-0.85431199,Poultry,22/07/2014
54.607276,-3.5057434,Poultry,23/07/2014
53.678891,-2.7039274,Poultry,23/07/2014
54.020426,-1.2346876,Poultry,24/07/2014
54.007467,-0.37431869,Poultry,29/07/2014
51.074839,0.43387716,Poultry,31/07/2014
54.143825,-0.55024901,Poultry,31/07/2014
52.102163,-2.8614703,Poultry,31/07/2014
50.956416,0.07881022,Poultry,31/07/2014
53.031002,-0.54534117,Poultry,31/07/2014
53.010581,-0.4108352,Poultry,31/07/2014
53.101045,-0.92758904,Poultry,01/08/2014
52.386072,0.44864673,Poultry,07/08/2014
52.603551,1.5351945,Poultry,07/08/2014
54.200801,-3.300517,Poultry,14/08/2014
54.99462,-2.9338841,Poultry,15/08/2014
51.955535,-2.7113899,Poultry,21/08/2014
52.132734,-2.9872661,Poultry,21/08/2014
52.159414,1.0969652,Poultry,21/08/2014
51.743086,-2.6139039,Poultry,27/08/2014
54.06071,-1.1962111,Poultry,27/08/2014
52.535055,0.60925883,Poultry,02/09/2014
54.859745,-3.336628,Poultry,03/09/2014
52.872613,-0.93694512,Poultry,08/09/2014
52.980168,-0.38216111,Poultry,15/09/2014
52.617168,-2.7920826,Poultry,15/09/2014
53.829533,-2.6564649,Poultry,16/09/2014
53.151463,-2.9572482,Poultry,01/10/2014
51.981207,-2.0889154,Poultry,02/10/2014
52.798499,-2.5531724,Poultry,07/10/2014
54.521742,-1.9968772,Poultry,10/10/2014
52.176288,-2.8801584,Poultry,10/10/2014
53.742,-2.4375275,Poultry,13/10/2014
51.665874,-1.7654319,Poultry,13/10/2014
52.154891,-2.9496057,Poultry,13/10/2014
53.816129,-1.3918189,Poultry,17/10/2014
52.461243,-2.7564588,Poultry,17/10/2014
53.423048,-0.35215218,Poultry,20/10/2014
52.292943,-2.4115184,Poultry,20/10/2014
50.839009,-3.3457245,Poultry,21/10/2014
53.549669,-2.5621698,Poultry,21/10/2014
50.908132,-3.2090388,Poultry,22/10/2014
51.750196,-0.11674475,Poultry,27/10/2014
52.889708,-0.92864948,Poultry,30/10/2014
52.349091,0.79021811,Poultry,30/10/2014
52.38855,-2.9045065,Poultry,06/11/2014
51.775348,-2.6169506,Poultry,06/11/2014
52.750791,-2.900733,Poultry,06/11/2014
53.283243,-0.4310378,Poultry,11/11/2014
51.819482,-4.918919,poultry,11/11/2014
53.239282,-1.2847994,Poultry,14/11/2014
52.238279,1.0315542,Poultry,18/11/2014
52.597174,-3.060867,Poultry,26/11/2014
52.665158,-2.6943239,Poultry,26/11/2014
52.762542,-2.6079929,Poultry,27/11/2014
52.802137,-3.0210531,Poultry,27/11/2014
52.555464,-2.580641,Poultry,02/12/2014
52.130431,-3.0253451,Poultry,02/12/2014
54.006065,-2.3241845,Poultry,12/12/2014
51.835739,0.5288472,Poultry,15/12/2014
53.898169,-0.25315126,Poultry,17/12/2014
51.012673,-2.9621476,Poultry,18/12/2014
52.967926,-0.84303436,Poultry,18/12/2014
52.695435,-2.245727,Poultry,22/12/2014
53.011862,-2.6173054,Poultry,22/12/2014
52.640624,0.78302321,Poultry,06/01/2015
55.00065,-6.521708,poultry,08/01/2015
54.683928,-6.180275,poultry,08/01/2015
54.032435,-1.2016421,Poultry,14/01/2015
54.931607,-6.395919,poultry,16/01/2015
54.466446,-6.262076,poultry,16/01/2015
52.962616,-1.8108869,Poultry,20/01/2015
51.126493,-0.84590043,Poultry,20/01/2015
54.505595,-6.269836,poultry,21/01/2015
54.766027,-5.771059,poultry,21/01/2015
53.234895,-0.7519464,Poultry,23/01/2015
54.406812,-7.136518,poultry,23/01/2015
54.507889,-7.193818,poultry,26/01/2015
52.607047,-1.9656982,Poultry,27/01/2015
51.652074,0.46236885,Poultry,29/01/2015
51.680421,0.57472063,Poultry,29/01/2015
52.366914,1.6531985,Poultry,29/01/2015
51.986597,1.3132891,Poultry,29/01/2015
52.31047,1.2127137,Poultry,29/01/2015
52.28527,1.4367403,Poultry,29/01/2015
52.163441,1.2284304,Poultry,29/01/2015
52.27026,1.1089419,Poultry,29/01/2015
52.23428,1.2849887,Poultry,29/01/2015
52.725053,-2.3049717,Poultry,29/01/2015
52.774228,-2.8923227,Poultry,29/01/2015
52.265015,1.4527636,Poultry,29/01/2015
52.308352,1.2766813,Poultry,29/01/2015
52.819924,-2.9238275,Poultry,29/01/2015
52.696747,-2.9144172,Poultry,29/01/2015
51.943666,0.67475451,Poultry,29/01/2015
52.87058,0.93519237,Poultry,29/01/2015
52.32664,0.97315794,Poultry,29/01/2015
52.408725,1.2375018,Poultry,29/01/2015
52.549396,0.60317672,Poultry,29/01/2015
54.931214,-2.8804454,Poultry,29/01/2015
52.279854,1.3244338,Poultry,29/01/2015
52.20927,1.3269171,Poultry,29/01/2015
50.91708,-1.2310596,Poultry,03/02/2015
52.855895,-3.0000373,Poultry,03/02/2015
54.821514,-6.809707,poultry,03/02/2015
51.207643,-3.0442239,Poultry,06/02/2015
54.998386,-6.302993,poultry,06/02/2015
54.250197,-6.450006,poultry,06/02/2015
54.495851,-1.7402785,Poultry,11/02/2015
53.145574,-0.002430158,Poultry,12/02/2015
51.876656,-2.5088079,Poultry,17/02/2015
54.27038,-6.500259,poultry,18/02/2015
55.206,-1.6197195,Poultry,23/02/2015
51.660122,0.75577132,Poultry,24/02/2015
53.158741,-0.16710071,Poultry,24/02/2015
53.092131,-0.53058697,Poultry,24/02/2015
53.058292,-0.10794598,Poultry,26/02/2015
52.862289,-1.5209419,Poultry,26/02/2015
52.69341,-2.5903121,Poultry,27/02/2015
54.568375,-6.692327,poultry,06/03/2015
54.623086,-6.928956,poultry,06/03/2015
52.18638,-2.9126842,Poultry,16/03/2015
53.629664,-2.5996758,Poultry,18/03/2015
53.288052,-0.40055749,Poultry,19/03/2015
50.895316,-3.6967282,Poultry,20/03/2015
54.278105,-6.528334,poultry,23/03/2015
51.943886,-2.7048043,Poultry,26/03/2015
52.211896,-1.3091646,Poultry,26/03/2015
52.568187,1.4070287,Poultry,26/03/2015
55.058866,-6.098079,poultry,27/03/2015
50.550178,-4.5152061,Poultry,02/04/2015
52.93915,-1.7589108,Poultry,08/04/2015
52.152506,-2.0359095,Poultry,09/04/2015
54.0931,-1.272187,Poultry,14/04/2015
54.091294,-1.2706897,Poultry,14/04/2015
50.992546,-2.2860589,Poultry,15/04/2015
54.168353,-1.3390296,Poultry,16/04/2015
54.889969,-3.0391904,Poultry,17/04/2015
52.168175,-2.8077688,Poultry,17/04/2015
50.841069,0.23702917,Poultry,22/04/2015
53.913848,-1.2098425,Poultry,27/04/2015
53.890435,-0.87705559,Poultry,28/04/2015
52.44181,-3.0213799,Poultry,30/04/2015
54.456741,-6.229238,poultry,08/05/2015
52.844657,-0.74386188,Poultry,13/05/2015
54.497556,-6.956515,poultry,15/05/2015
54.191634,-1.3234857,Poultry,18/05/2015
51.949587,-2.7568374,Poultry,19/05/2015
54.221661,-6.138671,poultry,19/05/2015
53.646676,-0.31772621,Poultry,20/05/2015
50.777369,-2.192837,Poultry,21/05/2015
53.146606,-2.9575887,Poultry,21/05/2015
52.745803,-2.3735555,Poultry,22/05/2015
51.880345,0.73769125,Poultry,26/05/2015
52.972289,-0.38454032,Poultry,27/05/2015
54.815066,-2.8981465,Poultry,28/05/2015
51.96508,-2.7237673,Poultry,29/05/2015
51.173713,-2.1567245,Poultry,29/05/2015
53.050627,-1.0231258,Poultry,01/06/2015
51.956803,0.72153351,Poultry,01/06/2015
50.926508,-1.2566579,Poultry,02/06/2015
51.979341,0.6361031,Poultry,03/06/2015
52.099915,-2.8976326,Poultry,05/06/2015
53.865594,-2.6191653,Poultry,08/06/2015
54.733002,-6.343802,poultry,08/06/2015
52.831899,-2.7562047,Poultry,10/06/2015
54.103979,-1.2877491,Poultry,11/06/2015
51.922764,-2.9692733,Poultry,12/06/2015
54.500355,-6.13118,poultry,15/06/2015
53.047095,-0.12753261,Poultry,16/06/2015
50.882793,-4.3061722,Poultry,18/06/2015
53.827648,-1.037049,Poultry,18/06/2015
50.96741,-2.7860459,Poultry,18/06/2015
53.082178,-0.25919309,Poultry,23/06/2015
52.241339,0.751061,Poultry,23/06/2015
54.00986,-0.55460432,Poultry,23/06/2015
50.521137,-4.3107816,Poultry,23/06/2015
55.055919,-6.070662,poultry,23/06/2015
54.72038,-5.877547,poultry,24/06/2015
53.863269,-0.63250233,Poultry,25/06/2015
51.159214,-2.6049752,Poultry,25/06/2015
52.460157,0.92031631,Poultry,25/06/2015
52.551243,-2.5978405,Poultry,01/07/2015
52.255164,-2.8518334,Poultry,06/07/2015
51.018842,-0.39547423,Poultry,06/07/2015
53.815335,-0.2938139,Poultry,09/07/2015
53.308475,-0.36857497,Poultry,09/07/2015
52.864445,-0.95868387,Poultry,14/07/2015
54.616524,-7.064845,poultry,15/07/2015
52.192404,-2.8144986,Poultry,16/07/2015
51.051783,-2.256892,Poultry,16/07/2015
54.884082,-6.444906,poultry,16/07/2015
52.83084,-1.1040584,Poultry,20/07/2015
51.164302,-2.539112,Poultry,20/07/2015
52.866296,-2.9708633,Poultry,22/07/2015
52.185647,1.0705493,Poultry,23/07/2015
52.126583,1.1614667,Poultry,23/07/2015
52.212721,1.1353732,Poultry,23/07/2015
52.122655,1.0162447,Poultry,23/07/2015
52.493611,1.3222753,Poultry,23/07/2015
52.412865,1.0480799,Poultry,23/07/2015
52.269288,-2.8752585,Poultry,28/07/2015
52.747383,-2.8633301,Poultry,28/07/2015
52.123622,-1.6631312,Poultry,28/07/2015
52.644528,-2.9127362,Poultry,28/07/2015
52.638037,-2.7342365,Poultry,29/07/2015
52.806243,-3.1331518,Poultry,29/07/2015
53.06927,-0.23732438,Poultry,29/07/2015
52.270568,1.3946973,Poultry,31/07/2015
52.714656,1.1788231,Poultry,31/07/2015
52.270474,1.3948368,Poultry,31/07/2015
52.877346,-2.4675507,Poultry,07/08/2015
51.930637,-2.6797266,Poultry,12/08/2015
55.18291,-6.563087,poultry,17/08/2015
51.810603,-0.24928483,Poultry,19/08/2015
51.103798,0.64896844,Poultry,20/08/2015
52.769848,-1.0752217,Poultry,02/09/2015
52.147033,-1.3494809,Poultry,08/09/2015
54.490209,-5.886872,poultry,09/09/2015
54.344577,-6.754769,poultry,09/09/2015
53.558044,-1.3515955,Poultry,11/09/2015
53.998161,-1.210688,Poultry,14/09/2015
54.38163,-6.569,poultry,16/09/2015
55.052406,-6.301455,poultry,16/09/2015
51.929287,-2.1981773,Poultry,18/09/2015
53.297967,0.18190459,Poultry,23/09/2015
52.807052,-2.5102609,Poultry,24/09/2015
51.914792,-2.530771,Poultry,29/09/2015
53.587902,-0.16006266,Poultry,29/09/2015
54.900686,-6.244643,poultry,29/09/2015
53.260985,-0.72000373,Poultry,01/10/2015
52.793274,-2.5157349,Poultry,01/10/2015
55.051909,-2.6340546,Poultry,02/10/2015
51.634703,-2.782793,poultry,02/10/2015
54.90752,-1.7820877,Poultry,07/10/2015
52.585528,1.0692086,Poultry,08/10/2015
51.588985,-4.06316,poultry,14/10/2015
51.369101,-2.0681848,Poultry,15/10/2015
52.045114,-2.2329548,Poultry,16/10/2015
52.245763,-2.7946772,Poultry,16/10/2015
52.211552,-2.9692548,Poultry,19/10/2015
53.167286,0.27565943,Poultry,19/10/2015
52.735161,-2.8248778,Poultry,19/10/2015
53.031537,-2.5461605,Poultry,23/10/2015
54.390114,-7.129582,poultry,23/10/2015
56.558622,-3.362028,Poultry,23/10/2015
50.889001,-2.9318731,Poultry,27/10/2015
54.434194,-3.4892112,Poultry,28/10/2015
54.688928,-2.7323169,Poultry,28/10/2015
54.037303,-0.40064199,Poultry,04/11/2015
52.475418,0.89216688,Poultry,05/11/2015
54.399976,-5.696747,poultry,09/11/2015
52.300171,1.5501301,Poultry,11/11/2015
54.968355,-6.257509,poultry,11/11/2015
52.30485,-1.0950581,Poultry,12/11/2015
52.198091,-3.0091979,Poultry,12/11/2015
52.676251,-2.9142848,Poultry,12/11/2015
51.912006,-2.683225,Poultry,16/11/2015
52.173824,-1.1510934,Poultry,18/11/2015
54.399856,-6.788752,poultry,18/11/2015
52.079371,-0.16669527,Poultry,23/11/2015
53.204706,-0.72796953,Poultry,24/11/2015
52.528834,1.3710933,Poultry,24/11/2015
52.343963,-2.0996251,Poultry,02/12/2015
51.721073,0.43976438,Poultry,03/12/2015
52.745819,1.5837639,Poultry,03/12/2015
51.894331,-1.2346977,Poultry,04/12/2015
51.883352,-1.1670351,Poultry,04/12/2015
52.077852,-1.1580217,Poultry,07/12/2015
53.233555,-0.990202,Poultry,07/12/2015
51.301276,-2.4235255,Poultry,09/12/2015
52.095749,-1.0409033,Poultry,09/12/2015
53.198049,-1.4809836,Poultry,10/12/2015
52.662933,-1.0054714,Poultry,10/12/2015
52.768974,-2.9325308,Poultry,10/12/2015
51.89351,-1.0261769,Poultry,14/12/2015
52.561329,-1.5245204,Poultry,14/12/2015
52.065396,-1.1026765,Poultry,15/12/2015
53.262951,-0.66971937,Poultry,16/12/2015
51.951002,-2.2654953,Poultry,16/12/2015
54.151235,-0.51660928,Poultry,16/12/2015
52.818948,-2.7982702,Poultry,16/12/2015
51.060341,-2.6477778,Poultry,18/12/2015
53.018384,-2.6075599,Poultry,21/12/2015
55.036675,-6.101635,poultry,21/12/2015
54.909546,-6.276041,poultry,21/12/2015
51.97128,-0.059445331,Poultry,22/12/2015
51.996517,0.012004752,Poultry,22/12/2015
54.941224,-6.283943,poultry,30/12/2015
54.869077,-6.199022,poultry,04/01/2016
54.71972,-6.396686,poultry,04/01/2016
54.682401,-6.869755,poultry,04/01/2016
53.611893,-2.2714267,Poultry,07/01/2016
50.549086,-4.3120071,Poultry,11/01/2016
55.028905,-6.660945,poultry,12/01/2016
51.719318,-1.9361145,Poultry,15/01/2016
53.234454,-0.99018086,Poultry,15/01/2016
54.478457,-1.224775,Poultry,15/01/2016
53.866537,-0.75086445,Poultry,15/01/2016
51.890805,-2.7105123,Poultry,15/01/2016
53.161018,-1.023314,Poultry,15/01/2016
53.100342,-1.0799503,Poultry,15/01/2016
52.565375,1.0276583,Poultry,15/01/2016
50.950662,-2.4013956,Poultry,18/01/2016
52.476041,-1.2100728,Poultry,19/01/2016
53.231632,-0.35037266,Poultry,19/01/2016
51.172561,-1.6163189,Poultry,21/01/2016
54.369669,-5.916542,poultry,21/01/2016
54.436474,-7.194884,poultry,22/01/2016
52.696056,-2.9564268,Poultry,25/01/2016
55.201072,-6.481467,poultry,25/01/2016
54.469288,-6.710848,poultry,25/01/2016
52.899876,-2.5584771,Poultry,27/01/2016
52.912614,-2.7292072,Poultry,27/01/2016
54.106391,-0.48119443,Poultry,02/02/2016
50.875971,-3.2569587,Poultry,03/02/2016
51.742405,-2.4910765,Poultry,04/02/2016
52.84059,-2.7882749,Poultry,04/02/2016
52.53689,-2.6595676,Poultry,08/02/2016
52.319807,-2.7161921,Poultry,10/02/2016
52.989293,-0.36572992,Poultry,10/02/2016
53.184155,-0.2065757,Poultry,11/02/2016
54.158611,-6.600995,poultry,12/02/2016
54.750588,-6.645979,poultry,12/02/2016
51.85638,0.73565475,Poultry,15/02/2016
54.475877,-5.812106,poultry,19/02/2016
54.27038,-6.500259,poultry,22/02/2016
52.105871,-2.4776863,Poultry,23/02/2016
53.120873,-2.5495341,Poultry,26/02/2016
52.986721,-0.71248369,Poultry,02/03/2016
51.831426,-4.229424,poultry,02/03/2016
51.974988,-2.7773559,Poultry,08/03/2016
52.743718,-2.6961648,Poultry,08/03/2016
52.033738,-2.8496583,Poultry,11/03/2016
50.980945,-2.3523692,Poultry,15/03/2016
52.109985,-2.5251869,Poultry,17/03/2016
53.925204,-0.27654288,Poultry,23/03/2016
52.199567,-2.9505579,Poultry,30/03/2016
52.104658,-2.6553595,Poultry,31/03/2016
53.956666,-0.32096977,Poultry,04/04/2016
53.013808,-2.605856,Poultry,04/04/2016
54.156208,-0.46865109,Poultry,05/04/2016
53.095116,-0.59156753,Poultry,06/04/2016
53.850767,-2.7305231,Poultry,06/04/2016
54.89752,-5.994321,poultry,06/04/2016
54.895304,-6.040076,poultry,06/04/2016
51.777935,-2.782763,poultry,08/04/2016
52.063206,-2.6058864,Poultry,13/04/2016
52.803915,-2.6213269,Poultry,15/04/2016
57.661192,-3.449282,Poultry,15/04/2016
54.983535,-6.365574,poultry,18/04/2016
50.756825,-3.3368437,Poultry,19/04/2016
54.189414,-0.94038695,Poultry,21/04/2016
52.166354,-2.8618325,Poultry,28/04/2016
52.400713,0.44504726,Poultry,04/05/2016
53.088905,-0.92714421,Poultry,05/05/2016
51.933253,-3.326119,poultry,05/05/2016
55.473766,-4.257181,Poultry,05/05/2016
52.686871,-2.9127314,Poultry,06/05/2016
52.911885,-1.9773558,Poultry,06/05/2016
52.89051,-2.6334149,Poultry,06/05/2016
55.481408,-4.443775,Poultry,09/05/2016
55.02458,-6.651989,poultry,10/05/2016
52.791519,-2.979578,Poultry,12/05/2016
52.976347,-0.75985468,Poultry,17/05/2016
51.4991,-2.0950302,Poultry,19/05/2016
54.034758,-1.4571878,Poultry,20/05/2016
53.261428,-0.71939083,Poultry,25/05/2016
53.999267,-0.52613662,Poultry,26/05/2016
54.800123,-4.604767,Poultry,27/05/2016
51.902997,1.0454082,Poultry,31/05/2016
52.433519,1.0141926,Poultry,31/05/2016
53.121891,-2.4805119,Poultry,02/06/2016
51.315624,-2.1419991,Poultry,06/06/2016
50.862529,-3.3257977,Poultry,06/06/2016
54.324882,-6.71935,poultry,08/06/2016
51.72357,-2.718514,poultry,14/06/2016
55.66052,-2.636374,Poultry,15/06/2016
52.428665,-2.6063279,Poultry,22/06/2016
53.941628,-1.1972826,Poultry,23/06/2016
52.38732,-2.7020034,Poultry,23/06/2016
52.017899,-2.8518354,Poultry,23/06/2016
52.362681,0.3200053,Poultry,23/06/2016
52.353229,0.30673426,Poultry,23/06/2016
54.374899,-6.242251,poultry,27/06/2016
52.4901,-1.1500259,Poultry,29/06/2016
51.879388,-2.1349099,Poultry,30/06/2016
52.778013,-2.8790577,Poultry,08/07/2016
52.651403,-2.9751122,Poultry,11/07/2016
54.328411,-1.4642474,Poultry,12/07/2016
52.389094,-2.8175277,Poultry,18/07/2016
54.787458,-6.151358,poultry,18/07/2016
52.555437,-2.2585127,Poultry,19/07/2016
52.202382,-2.9908579,Poultry,26/07/2016
54.333905,-1.3908193,Poultry,28/07/2016
52.296131,0.11956311,Poultry,29/07/2016
52.708975,-2.9257741,Poultry,02/08/2016
52.970137,-2.6369614,Poultry,03/08/2016
51.057212,-1.6831922,Poultry,05/08/2016
51.612257,-2.382079,Poultry,10/08/2016
53.114253,-0.89737927,Poultry,11/08/2016
51.95453,-2.1521609,Poultry,15/08/2016
53.796231,-0.22854235,Poultry,16/08/2016
53.774885,-0.068729436,Poultry,17/08/2016
50.951995,-2.5584323,Poultry,18/08/2016
53.186122,-1.0152611,Poultry,18/08/2016
52.154201,-1.9333039,Poultry,18/08/2016
52.384208,1.5282113,Poultry,19/08/2016
54.07015,-0.47273658,Poultry,23/08/2016
52.644197,-1.866368,Poultry,25/08/2016
52.68983,-2.0632781,Poultry,26/08/2016
52.478294,-2.8019536,Poultry,30/08/2016
51.850541,-1.2341338,Poultry,01/09/2016
54.003572,-0.31984524,Poultry,02/09/2016
52.890484,-1.7041881,Poultry,05/09/2016
52.948527,-1.7301351,Poultry,05/09/2016
53.026746,-1.6340767,Poultry,05/09/2016
52.136462,-2.4490844,Poultry,08/09/2016
52.827839,-2.50531,Poultry,09/09/2016
52.697775,1.2963198,Poultry,12/09/2016
52.533684,0.66270587,Poultry,12/09/2016
52.130729,1.2763371,Poultry,12/09/2016
53.953744,-0.32413524,Poultry,12/09/2016
52.548579,0.98076929,Poultry,12/09/2016
52.547154,0.96592092,Poultry,12/09/2016
54.271017,-0.76062535,Poultry,16/09/2016
54.879739,-5.018215,Poultry,16/09/2016
53.834879,-0.91531633,Poultry,19/09/2016
50.865925,-3.975624,Poultry,19/09/2016
50.904462,-3.3854428,Poultry,19/09/2016
52.111532,-2.5002347,Poultry,19/09/2016
50.949079,-3.3537416,Poultry,20/09/2016
50.903288,-3.6230613,Poultry,20/09/2016
52.058539,-2.839044,Poultry,21/09/2016
51.210869,-2.9615491,Poultry,21/09/2016
52.775843,-2.8435842,Poultry,21/09/2016
54.478108,-5.687796,poultry,21/09/2016
52.78565,-2.8035914,Poultry,22/09/2016
54.806019,-7.448838,poultry,26/09/2016
54.337154,-6.142481,poultry,26/09/2016
52.488076,-2.5142177,Poultry,28/09/2016
51.935405,-2.3189296,Poultry,28/09/2016
52.182881,-2.0654782,Poultry,04/10/2016
52.242932,-2.9009559,Poultry,04/10/2016
52.463961,-3.0684059,Poultry,05/10/2016
52.801045,-3.1220402,Poultry,05/10/2016
54.683671,-7.635929,poultry,05/10/2016
53.925361,-0.60732518,Poultry,06/10/2016
53.584505,-2.718022,Poultry,06/10/2016
53.891098,-2.7911772,Poultry,07/10/2016
53.911587,-0.73536224,Poultry,21/10/2016
55.591924,-3.255983,Poultry,21/10/2016
52.853193,-2.9457703,Poultry,26/10/2016
50.849915,-3.327855,Poultry,31/10/2016
52.729971,-2.5194298,Poultry,02/11/2016
52.995588,-0.44640167,Poultry,04/11/2016
54.515419,-6.215324,poultry,04/11/2016
52.463303,-2.8375952,Poultry,07/11/2016
54.28722,-6.116015,poultry,08/11/2016
52.367422,0.98574067,Poultry,10/11/2016
54.09952,-1.263664,Poultry,10/11/2016
52.928072,-1.7955666,Poultry,11/11/2016
53.336428,-1.1571766,Poultry,14/11/2016
53.309771,-0.89745174,Poultry,14/11/2016
52.468408,-1.282988,Poultry,14/11/2016
52.502791,-1.5933602,Poultry,14/11/2016
53.427217,0.18370283,Poultry,14/11/2016
53.293989,-0.8538984,Poultry,16/11/2016
52.019452,-2.5818329,Poultry,16/11/2016
54.765881,-2.7992948,Poultry,24/11/2016
51.90552,-2.6033254,Poultry,24/11/2016
54.910176,-6.635466,poultry,29/11/2016
51.321265,-2.0685441,Poultry,30/11/2016
53.270269,-0.4220655,Poultry,05/12/2016
52.322105,0.99604281,Poultry,06/12/2016
52.607504,1.2921902,Poultry,06/12/2016
52.772641,0.98597974,Poultry,06/12/2016
52.334646,1.298153,Poultry,06/12/2016
52.452374,1.0643519,Poultry,06/12/2016
52.375491,1.5698417,Poultry,06/12/2016
52.293036,1.5331296,Poultry,06/12/2016
52.412305,1.5058922,Poultry,06/12/2016
52.407336,0.97211443,Poultry,06/12/2016
52.551684,1.2651378,Poultry,06/12/2016
52.293216,1.4201935,Poultry,06/12/2016
52.365654,1.5738966,Poultry,06/12/2016
52.378711,1.3778614,Poultry,06/12/2016
52.274382,1.249688,Poultry,06/12/2016
52.427043,0.99300712,Poultry,06/12/2016
52.22595,1.0838756,Poultry,06/12/2016
52.402154,0.77092455,Poultry,06/12/2016
52.440383,1.0130426,Poultry,06/12/2016
52.328841,0.95715887,Poultry,06/12/2016
52.375462,1.2205183,Poultry,06/12/2016
52.494636,1.2202377,Poultry,06/12/2016
52.335117,0.87419111,Poultry,06/12/2016
52.338838,0.87648799,Poultry,06/12/2016
52.454684,1.2011261,Poultry,06/12/2016
50.909412,-3.6608265,Poultry,08/12/2016
53.626678,-0.30838987,Poultry,12/12/2016
53.211805,-2.4515701,Poultry,14/12/2016
51.867215,-2.3329699,Poultry,15/12/2016
52.937842,-1.6056635,Poultry,15/12/2016
52.055733,-2.8417624,Poultry,15/12/2016
52.737019,-0.60476674,Poultry,16/12/2016
51.6123,-2.3963767,Poultry,19/12/2016
52.429933,1.6104423,Poultry,21/12/2016
52.758671,0.015387118,Poultry,21/12/2016
52.723235,1.2175143,Poultry,21/12/2016
52.728595,1.1179166,Poultry,21/12/2016
52.629221,0.73205194,Poultry,21/12/2016
52.827671,-0.19368386,Poultry,21/12/2016
52.906571,1.3007084,Poultry,21/12/2016
52.691566,-0.003982367,Poultry,21/12/2016
53.03406,-0.016686431,Poultry,21/12/2016
53.011518,-0.71949665,Poultry,21/12/2016
53.408307,-2.821149,Poultry,21/12/2016
52.734789,-0.007933054,Poultry,21/12/2016
53.030144,-0.15898762,Poultry,21/12/2016
52.757608,0.87007483,Poultry,21/12/2016
52.689166,-0.2504527,Poultry,21/12/2016
53.093102,0.016943555,Poultry,21/12/2016
52.700281,0.85328366,Poultry,21/12/2016
52.700258,0.008402629,Poultry,21/12/2016
52.692121,1.0993301,Poultry,21/12/2016
52.708667,1.0509012,Poultry,21/12/2016
53.058518,-0.13360329,Poultry,21/12/2016
52.699392,0.006438847,Poultry,21/12/2016
53.01525,0.11990508,Poultry,21/12/2016
52.957844,0.96626886,Poultry,21/12/2016
52.793152,1.0317421,Poultry,21/12/2016
52.529502,1.2410757,Poultry,21/12/2016
53.04112,0.085671005,Poultry,21/12/2016
52.95607,0.064900975,Poultry,21/12/2016
52.747642,-0.16943769,Poultry,21/12/2016
52.478571,0.95379186,Poultry,21/12/2016
52.552191,1.1536331,Poultry,21/12/2016
52.856387,1.0591785,Poultry,21/12/2016
52.984883,-0.16225352,Poultry,21/12/2016
52.510271,0.86792574,Poultry,21/12/2016
53.358526,0.10384555,Poultry,21/12/2016
52.960475,-0.057725718,Poultry,21/12/2016
52.855401,-0.24422023,Poultry,21/12/2016
52.694065,1.0765252,Poultry,21/12/2016
52.738977,1.1940777,Poultry,21/12/2016
55.72864,-2.262227,Poultry,21/12/2016
52.750821,-0.12544523,Poultry,22/12/2016
53.925231,-0.27212509,Poultry,23/12/2016
52.797326,1.1847043,Poultry,27/12/2016
54.977382,-6.41874,poultry,29/12/2016
51.131299,-2.7922559,Poultry,04/01/2017
53.675487,-0.12702726,Poultry,04/01/2017
53.885021,-2.9246396,Poultry,04/01/2017
51.032568,-0.92624397,Poultry,05/01/2017
53.602299,-2.624978,Poultry,05/01/2017
54.226351,-1.4327442,Poultry,16/01/2017
53.799045,-2.9074121,Poultry,17/01/2017
53.728392,-1.2471232,Poultry,17/01/2017
52.782532,-3.0727839,Poultry,18/01/2017
53.161291,-2.2730598,Poultry,24/01/2017
53.629025,-1.3465768,Poultry,24/01/2017
53.771548,-0.87067148,Poultry,25/01/2017
52.743184,-0.18947612,Poultry,26/01/2017
52.796543,-2.8144707,Poultry,26/01/2017
52.04234,-1.0974519,Poultry,27/01/2017
52.10914,-2.7338374,Poultry,27/01/2017
51.286215,-2.14621,Poultry,06/02/2017
52.072694,-1.1165368,Poultry,10/02/2017
53.462382,0.082313442,Poultry,14/02/2017
52.414325,1.1501052,Poultry,15/02/2017
53.088246,-0.90416595,Poultry,15/02/2017
53.867219,-2.9253114,Poultry,16/02/2017
52.242663,-1.5110895,Poultry,24/02/2017
51.907166,-0.74910277,Poultry,24/02/2017
53.071397,-0.67906268,Poultry,28/02/2017
51.931986,-1.4392776,Poultry,28/02/2017
52.059194,-2.89667,Poultry,02/03/2017
52.717776,-2.0822678,Poultry,02/03/2017
52.468406,1.2256844,Poultry,07/03/2017
53.046782,-0.64848831,Poultry,09/03/2017
55.040801,-3.192792,Poultry,13/03/2017
52.4185,1.4910851,Poultry,15/03/2017
52.272612,1.3986657,Poultry,16/03/2017
52.232291,-2.8317746,Poultry,16/03/2017
55.609464,-3.614684,Poultry,16/03/2017
52.229788,-2.9031788,Poultry,17/03/2017
52.260009,-0.53319027,Poultry,21/03/2017
52.965062,-0.87244249,Poultry,28/03/2017
51.92641,-2.7104929,Poultry,28/03/2017
53.257129,-3.275665,Poultry,30/03/2017
53.156705,-4.349451,Poultry,30/03/2017
53.218442,-4.240034,Poultry,30/03/2017
53.137015,-3.462253,Poultry,30/03/2017
53.271587,-3.272886,Poultry,30/03/2017
53.259728,-4.482293,Poultry,30/03/2017
53.255176,-4.368445,Poultry,30/03/2017
53.238201,-3.256731,Poultry,30/03/2017
53.246714,-3.228266,Poultry,30/03/2017
53.259492,-4.461602,Poultry,30/03/2017
53.301033,-4.393511,Poultry,30/03/2017
53.259159,-4.243452,Poultry,30/03/2017
53.343158,-4.346338,Poultry,30/03/2017
53.241911,-4.378548,Poultry,30/03/2017
53.201711,-4.371394,Poultry,30/03/2017
53.129626,-3.446712,Poultry,30/03/2017
53.094326,-3.131062,Poultry,30/03/2017
53.28327,-3.325208,Poultry,30/03/2017
53.243404,-3.275511,Poultry,30/03/2017
53.084381,-2.94707,Poultry,30/03/2017
53.040158,-2.880982,Poultry,30/03/2017
53.008645,-3.457417,Poultry,30/03/2017
53.020569,-2.939783,Poultry,30/03/2017
52.307914,-3.311503,Poultry,30/03/2017
52.285273,-3.046026,Poultry,30/03/2017
52.304163,-3.142946,Poultry,30/03/2017
52.304163,-3.142946,Poultry,30/03/2017
52.295295,-3.262446,Poultry,30/03/2017
52.664047,-3.291074,Poultry,30/03/2017
52.669978,-3.441786,Poultry,30/03/2017
52.68655,-3.464332,Poultry,30/03/2017
52.678223,-3.233849,Poultry,30/03/2017
52.799307,-3.172189,Poultry,30/03/2017
52.7744,-3.189813,Poultry,30/03/2017
52.346779,-2.962272,Poultry,30/03/2017
52.253896,-3.079934,Poultry,30/03/2017
52.344794,-3.266968,Poultry,30/03/2017
52.256328,-3.30957,Poultry,30/03/2017
52.527117,-3.019069,Poultry,30/03/2017
52.74082,-3.183713,Poultry,30/03/2017
52.507609,-3.288686,Poultry,30/03/2017
52.752532,-3.173066,Poultry,30/03/2017
52.732162,-3.173793,Poultry,30/03/2017
52.438074,-3.260919,Poultry,30/03/2017
52.764485,-3.142175,Poultry,30/03/2017
52.243484,-3.395446,Poultry,30/03/2017
52.40824,-3.305965,Poultry,30/03/2017
52.267161,-2.978337,Poultry,30/03/2017
52.549476,-3.260011,Poultry,30/03/2017
52.280391,-3.299476,Poultry,30/03/2017
52.513829,-3.474703,Poultry,30/03/2017
52.733173,-3.195058,Poultry,30/03/2017
52.47707,-3.31747,Poultry,30/03/2017